[
    {
        "name": "react/promise",
        "version": "v2.2.0",
        "version_normalized": "2.2.0.0",
        "source": {
            "type": "git",
            "url": "https://github.com/reactphp/promise.git",
            "reference": "365fcee430dfa4ace1fbc75737ca60ceea7eeeef"
        },
        "dist": {
            "type": "zip",
            "url": "https://api.github.com/repos/reactphp/promise/zipball/365fcee430dfa4ace1fbc75737ca60ceea7eeeef",
            "reference": "365fcee430dfa4ace1fbc75737ca60ceea7eeeef",
            "shasum": ""
        },
        "require": {
            "php": ">=5.4.0"
        },
        "time": "2014-12-30 13:32:42",
        "type": "library",
        "extra": {
            "branch-alias": {
                "dev-master": "2.0-dev"
            }
        },
        "installation-source": "dist",
        "autoload": {
            "psr-4": {
                "React\\Promise\\": "src/"
            },
            "files": [
                "src/functions_include.php"
            ]
        },
        "notification-url": "https://packagist.org/downloads/",
        "license": [
            "MIT"
        ],
        "authors": [
            {
                "name": "Jan Sorgalla",
                "email": "jsorgalla@googlemail.com"
            }
        ],
        "description": "A lightweight implementation of CommonJS Promises/A for PHP"
    },
    {
        "name": "guzzlehttp/streams",
        "version": "3.0.0",
        "version_normalized": "3.0.0.0",
        "source": {
            "type": "git",
            "url": "https://github.com/guzzle/streams.git",
            "reference": "47aaa48e27dae43d39fc1cea0ccf0d84ac1a2ba5"
        },
        "dist": {
            "type": "zip",
            "url": "https://api.github.com/repos/guzzle/streams/zipball/47aaa48e27dae43d39fc1cea0ccf0d84ac1a2ba5",
            "reference": "47aaa48e27dae43d39fc1cea0ccf0d84ac1a2ba5",
            "shasum": ""
        },
        "require": {
            "php": ">=5.4.0"
        },
        "require-dev": {
            "phpunit/phpunit": "~4.0"
        },
        "time": "2014-10-12 19:18:40",
        "type": "library",
        "extra": {
            "branch-alias": {
                "dev-master": "3.0-dev"
            }
        },
        "installation-source": "dist",
        "autoload": {
            "psr-4": {
                "GuzzleHttp\\Stream\\": "src/"
            }
        },
        "notification-url": "https://packagist.org/downloads/",
        "license": [
            "MIT"
        ],
        "authors": [
            {
                "name": "Michael Dowling",
                "email": "mtdowling@gmail.com",
                "homepage": "https://github.com/mtdowling"
            }
        ],
        "description": "Provides a simple abstraction over streams of data",
        "homepage": "http://guzzlephp.org/",
        "keywords": [
            "Guzzle",
            "stream"
        ]
    },
    {
        "name": "guzzlehttp/ringphp",
        "version": "1.0.5",
        "version_normalized": "1.0.5.0",
        "source": {
            "type": "git",
            "url": "https://github.com/guzzle/RingPHP.git",
            "reference": "a903f51b692427318bc813217c0e6505287e79a4"
        },
        "dist": {
            "type": "zip",
            "url": "https://api.github.com/repos/guzzle/RingPHP/zipball/a903f51b692427318bc813217c0e6505287e79a4",
            "reference": "a903f51b692427318bc813217c0e6505287e79a4",
            "shasum": ""
        },
        "require": {
            "guzzlehttp/streams": "~3.0",
            "php": ">=5.4.0",
            "react/promise": "~2.0"
        },
        "require-dev": {
            "ext-curl": "*",
            "phpunit/phpunit": "~4.0"
        },
        "suggest": {
            "ext-curl": "Guzzle will use specific adapters if cURL is present"
        },
        "time": "2014-12-11 05:50:32",
        "type": "library",
        "extra": {
            "branch-alias": {
                "dev-master": "1.0-dev"
            }
        },
        "installation-source": "dist",
        "autoload": {
            "psr-4": {
                "GuzzleHttp\\Ring\\": "src/"
            }
        },
        "notification-url": "https://packagist.org/downloads/",
        "license": [
            "MIT"
        ],
        "authors": [
            {
                "name": "Michael Dowling",
                "email": "mtdowling@gmail.com",
                "homepage": "https://github.com/mtdowling"
            }
        ]
    },
    {
        "name": "guzzlehttp/guzzle",
        "version": "5.1.0",
        "version_normalized": "5.1.0.0",
        "source": {
            "type": "git",
            "url": "https://github.com/guzzle/guzzle.git",
            "reference": "f1085bb4e023766a66b7b051914ec73bdf7202b5"
        },
        "dist": {
            "type": "zip",
            "url": "https://api.github.com/repos/guzzle/guzzle/zipball/f1085bb4e023766a66b7b051914ec73bdf7202b5",
            "reference": "f1085bb4e023766a66b7b051914ec73bdf7202b5",
            "shasum": ""
        },
        "require": {
            "guzzlehttp/ringphp": "~1.0",
            "php": ">=5.4.0"
        },
        "require-dev": {
            "ext-curl": "*",
            "phpunit/phpunit": "~4.0",
            "psr/log": "~1.0"
        },
        "time": "2014-12-19 20:27:15",
        "type": "library",
        "extra": {
            "branch-alias": {
                "dev-master": "5.0-dev"
            }
        },
        "installation-source": "dist",
        "autoload": {
            "psr-4": {
                "GuzzleHttp\\": "src/"
            }
        },
        "notification-url": "https://packagist.org/downloads/",
        "license": [
            "MIT"
        ],
        "authors": [
            {
                "name": "Michael Dowling",
                "email": "mtdowling@gmail.com",
                "homepage": "https://github.com/mtdowling"
            }
        ],
        "description": "Guzzle is a PHP HTTP client library and framework for building RESTful web service clients",
        "homepage": "http://guzzlephp.org/",
        "keywords": [
            "client",
            "curl",
            "framework",
            "http",
            "http client",
            "rest",
            "web service"
        ]
    }
]
